{"cameraMode":{"drawMode":0,"name":"Shaded","section":"Shading Mode"},"sceneLighting":true,"audioPlay":false,"sceneViewState":{"showFog":true,"showMaterialUpdate":false,"showSkybox":true,"showFlares":true,"showImageEffects":true,"showParticleSystems":true},"in2DMode":false,"pivot":{"x":-9.815240859985352,"y":-3.1346516609191896,"z":2.51304030418396},"rotation":{"x":-0.12267758697271347,"y":-0.6713653802871704,"z":0.11407356709241867,"w":-0.7219712138175964},"size":27.543886184692384,"orthographic":false}