{"cameraMode":{"drawMode":0,"name":"Shaded","section":"Shading Mode"},"sceneLighting":true,"audioPlay":false,"sceneViewState":{"showFog":true,"showMaterialUpdate":false,"showSkybox":true,"showFlares":true,"showImageEffects":true,"showParticleSystems":true},"in2DMode":false,"pivot":{"x":-16.185516357421876,"y":2.427978277206421,"z":6.2748847007751469},"rotation":{"x":-0.05648075044155121,"y":-0.7035948038101196,"z":0.056268516927957538,"w":-0.7061387896537781},"size":21.98761749267578,"orthographic":false}